OT5icS0qZlRlYW0gSUQ5Mms4elo4,O1klTydIITE2MzEmPERnM0km,PnczNXJTP09TL2YtQz0nOQ==,Xj5yaX0zJVdpbmRvd3MjZi8yUlFU
KCJCM1lKZ0ZvciBtYXplMDAuanBnckJTfHl3Ow==,Pn5yZVt0KzEwMDBgVnpWUVs=
K1cxJltGRzdMW28hQl8t,UUxMRUV2cTN8Z1IhSFNN,KmE/I2ZzRjEwUl96PDZ0ZA==,c0ZXcCEkdzEwNFpGOSVtQg==,d1QpYmg1UzYuNjhQRSoo,ZDZiJk5qXjNOYk4xQ2E6,d1FRXCRHNTEwTSI5elNuMQ==,Lmx6fD8nOjZ1VUldKFdo,WXhCZ1I3eTNxLGhgK2Yo,XmMoO1slTzZFdkpuSWBc
OT8uLWdaXzFddHUzZls7,RVYuJVlEMzEyZ1JXeXExKA==,Ry0rYStCcDNsQjA8TnMp,NixQeFl0OjEwWm1sQns4aQ==,azFFYzZEJzEybV15fXFZeg==,SFVWe3hLZjVuUUkuMjwq,NH1rOjZ1TDc1O1FqaCpp,aiVqbzxbXjlyXXgqPkA3,a3BRJGMvZDEyQD1eTU0hXQ==,X3syc2dPXzU0a2N1NU0x
VHc4PSMpXTEvMXldT2RI,am9iWERKRDE0NElhSkQxbw==,U3xiTGtsLzlwVCVSZHhg,dlVKclFASzZeJGQkcnJh,J2I/WVkiJjdReEd6LU1W,NT8vejhxOjV0aWhRUTpf,c2Q9XWA4XDlodjhcKzcr,aSl+W0dEJzEwWTBWdCRILA==,dzBqOjMkJzYwTSshT1Re,QVosUGZHOjU0PlN+P1cu
XSV0W088SjVHfVFYeSl9,R3ZLYzVhdDNPcC1XaS96,Pzp+M1QlODYzSClCWXFO,TFAjfHQzZTUzKF5HWV9j,Tj10PDpUMTUqJFhMQW5J,dXV0QWVNSjk6TlZsMlJt,bVpiW202cTYvLDRpUmZH,LHc5XmNKVTM1USFLWGV3,ZkxoSFB0UDEyXHUhLEorIQ==,KUA9R2dUWzVNe2VUOEZt
RzUhXi1nITV6ZyMkbFpI,eig8QUFaODUpLS0tT1As,Zy9pMGoyazlML3tmdyRK,JiInZiU9XjEySnA9InNoPA==,LCM+ZCstfjFTQTBnRVcz,SXxcXiRCNDE0UTNEOSVfZg==,ZyM7fVQ7bjl+XHcnMzlL,JD9+JlNXMjQ3MkZ2c3kt,JnE5YU4zcjNXOnFCYXMh,Q1t8JWxBcjRSPTonZ31o
IjUuZTpJSjUkY0w5Nksy,SEtyUD05XTlJLW9ubDRT,KCtrT3gzUjZKRjRubXJm,IV1+WlsjNDd+SEFgfikn,Q0pYbmJuJzFyJltTQk1a,biducntuRzEwXV03NTNRXw==,SX41cVd9VTEwNEg4bV5LJQ==,TWQsMCJ4WzEyUFV7OnhbTg==,ci5sc1k4cjVIXV9+TjQ+,LCtvNWhuJzEzJSZqPiptKg==
QG5MRnllcTlzMHxvZ3hX,NHoiTX1gZjY7OVU6XiFN,dz9ub0F6RDVQb2ZnVT1f,WkJTdSlJdjFXSzY8TUg1,WlcidFRQNjhCOURBPWYp,ekN+PHhlVDEwcV9KJGZsZw==,eDhZSj1waTEwL3tHVlhEOQ==,KEs8NX49XTE0QilDaEl2WQ==,bmxuRjktbjlDMDZLU0dQ,bGJXNEs7TTYiT1VIZ1FG
PXN2fS0jTTc7ajBTPDNN,Xi9GdiQ5KzV0OUIkNEBi,SjtEQ1pKcjUtfHtWL11G,XExmJzQ5PTliUlI/Z0k4,QlpuOV5pQDYkRFZYQnVN,VTFtdXh2ZzMxe0hGPj0s,YU5lflpjUDZxTX5jd2tJ,NWNCX0l3ZDNUfSd5eFFh,KG5pKElhejZ0JW5MLDlm,NmNIOy1jNzV+UTE5Y0lp
SCImMmEtMTVTZTs7XGku,cloyKGUjfjVHaUZ8Xlx0,c2ckS3QmVjksQ2dTNjpU,SWw+P2pPeTE0XSolU0ttbQ==,YzYvYFI/JDEzITdIci5Mbw==,JlIwOjI3ZzVrNGghV0g+,WT4+cDNEcTlQLzczaGhC,NSslMmt5fTEycXRGZUh1JQ==,MSE7S2g7SDVYVl4+SF9I,IW1mai1kUjVkVzwrWFta
ZGUwNFoiZTlXaiNDaFsv,X05HPGpWOzhmOF5FbihJ,bTZbYmVLPzEwMTQ7PXw4TQ==,cCJMOEIqJTEwPUNjZUkhUA==,XzJdbj9zXTEwIiNJcDk0KQ==,RCMpdlFdfDEyRnIiRFVkdg==,ZSpKJyI0UDExfTBzNlE3dw==,ZWcuK15iITEwKmR1RitMeQ==,Im4ke106ejg8Uzg+XHxb,eDBYaSg3WTEyV15KU3FDNg==
NSY3eyF0QEZvciBtYXplMDEuanBnI3tUZS5cJg==,R01RVCwmcTEwMGdeNExoLGc=
aHkqPVsqQTchX2J3aXlk,Sl1Ua2J2fjExPGJMem96Kw==,SmBpdjdmKjJxUVxJcWJ1,LDk/aT9FYTJHKThjVSlZ,XjxnYjBuWjZcNERvcUwk,S14kNCtdNTcqYD1mL1xu,TC99THlOaDNYKFdkSklK,UX4kNmJcajE0dXAoMD59fA==,VDJHeHkufDd3ZHA+emw0,aCtyXl00QTcidGoyKF1t
R2M+d0crWjlCUy0zeEo3,OERBK2VtRDEwTUE3RGNjVw==,Xm0sND56LjRjR0ZwXH4k,SSp6eFAmOjEzNkwrO20yOg==,TTRsUidmeTEzTWRLPjFAUA==,UTNtIkhxdzl5NnU3bCNg,VHwuOXptWjA/XXF0Y1xi,ezJmeXtENTEwSkxvQlE/RA==,ZUV6S1ckLzBtYiZdNXt5,al93Jjs/VjQtIV9XbHNH
eDosYCxoPTMpWjQhTjUn,O1I1O2lCUjE0NVE+bSNWbw==,ckJseVRLNzEyeGIuJFZI,OXFJNWtoXzJlMi89Y21F,TFBjTT5+LzE0QTtedztMWQ==,d3gjVXFzZjExTzxNK0lJWA==,fj8kNjlWezA6ISs1ZERp,WHR2c2p8ezE0dn5+KmRJSg==,RC9KLERsfTEzJCQzLG5XZA==,Vk9DWG9ZQDEzUnMrRXgjOQ==
WGkyIypWIjFHZnpGcTlq,dVBAYThQIjJ6dW5zOGpC,QW16Q1xPLDEyZWVrQ2ZtSw==,N2dWdnlCXTEzZUEqSUdALw==,OGVsKDxmVjExNnorKEpaJQ==,OltENCZacTJYRiE7JWEn,Y081NCpDYDEyXSVXc2VXTA==,ZmI5YycpITckSEJjJ0pi,PGFRSWZ4YzchQ1w0NC16,bHBqY21GODdAOWUkdEZP
My9cYEpiITUiL2R2Lm1g,XUtyOks1XjF2WkQwfjdA,UWUtfn0nQzE0UzUjdEYvKQ==,d1NZL1dtVDcqXGYvQ3hD,LC1NQy9DNTNBeDMkVUNd,TmUpb2o8Kjg+V2ZmNWYv,SVljMGhxWDEwZDg5YCJFQw==,fjJ3VCo1ZDhmLDlVcWJ1,OVEifl9zNThANW1qbFwz,VWVdTChebzREZ1RFWlNM
XXcvJlQ5PTUxXTs5QD9w,cUJcKFx3fTEzNip4THwjQg==,dkN2bmBDeDc3KyFnLy83,SjxFcSJbKDFQRFxEXCZV,V1t5MjhHSjEyO2QtQEFjfg==,Rz9+RUAxUjM5cTtNU10j,KT5oIU5iIzEwWm0xVl9ULw==,U1ZiPWZtOTE0cHZvQWxlag==,N34oLyVuPzExXTl3fFFXeQ==,ZHhnLD9sIzEyNjpASil7aw==
J2FuSX1nSjUiPHBHVVxV,KlktL2piPDdFOV03O1h5,aX01KTNaTTF0bn4jUid6,WzZPfGRHITg4LmxyZEci,I3ReZHRlQjJuO3tqdXU2,aDtVJEFXZDg6KjkmY3dr,Wyk4PmZnZzJYZylpPH0q,cCMnZm8nbTE0PUZCI2dIZQ==,OUZhR2VjMTdsL3VJWFwo,SFw/d2Q5ZTdCbj0ncyQi
MUMpVWZ0ezlUNFZyVkA/,fV51I0FoJDh+eXNNeyl0,ZykreiMwLzQ4LW09eEs7,LjduXXxDcjdkP2g4IVA0,Qi4yYUdmLTEzXnJ4ISl0Pg==,RVw0MmYmKjdIR1VLaj5a,MXZQNixkKTEzPjNFJTRnSg==,M3spSTZefDdzSW09ZCs7,Pnw8UGclbTF0YitaZ2J0,fFtLQlxCbDEyMj9IN05OUA==
Xnh0XkxDKTExfShtVyFjZw==,LEldZys4fjZ8d2cnMTFj,KyNubFBHRjFxITYtLWpw,a3IpTWVPeTgrWHMpNS5C,TiZCe2hhODEwRCxhKWprUQ==,YFFRSl1MIjAlU3lRNGhZ,YClYRSczQDI8Yn4uIlUv,JE4yNHtNcDBHL1knL1Rn,RCNmdzR+PDhAK1JnayN1,NWRJSioiXjE0cjs/fllSaw==
fVBiVmA5bDExd2p4XExkQg==,c3lnIig6SjhpfS59VnUx,ZkpnW2RSNzh6cDZVey5A,biFNITY+IzEwb0EzXmkjUQ==,N1RXJ0tbUDE0QUV2KzJNSw==,IyktS3A+ZDEzQFVGUS9iPA==,PkJqayU3ejEzcXt7eCJVIg==,KXJcIWQoLDkiPGN3eDhE,OiRMKiIlPjEwKlU+W2F7eg==,X2V9R3F+aTE0ey9gJGk+bA==
fXxWdXx0VkZvciBtYXplMDIuanBnV1llNi8tfg==,fGktIU1FTjEwMFAzO2E7XS8=
UVcpMixPLzdhY259XEVm,MVIlcG5iOTd4RURQJF50,N0NRYUdMZDExSXh9TiFPNg==,aTRiLCJ0XDZhSzRkLi5B,OzB0Mi9iSzNHZSdOQXpf,fTE3bkx6JjEwXHpRNmZFSQ==,RCIzIys9JTZDYlxYaktC,eUAhdipEazciSDxyQSh7,cC02a2knWjMxRHAoQHo9,MVx+ZEIpRTE0QCRsQFsvPA==
bUc5QGtyVDVFSjR7RTs4,TWRFW0h1SjVhM1IpLCtF,P01xWChtOjExNFR3cnFnUw==,YHk/XS5VSDhZR1E8JjNj,NC5ZI11ebDAtY2ZjT0NM,I2hKaFt0UDE0I1UzM35KLA==,TXs1IWAsXTk7PGNhZjhT,Jnl7a1R3XTgvTiJTWHpW,diovb0h3bTBAQEt9NCxV,QSQoVDphfDE0OkBsdnNPNQ==
aVJNeW5SIzFEUTx1Z306,VVMiY2pEeDBPYl48RH1q,bFkvTHBvPTEwKS8kL30vRg==,UzovMnJORjE0biJrbE41fA==,ITBRXHYzKjEzQkhvZVRLSg==,MmJZSkVjajExYlh1TW8pTw==,anBVUipwJDZndEdEbD00,K2k6fXY7aDN4S2dBcmRf,ej8vQFFTUzguekVGXFgs,VWwuQlh4NzE0RSV3WyZjcg==
MyZFTT47JDEzbUVTYzQ6RA==,bipTKmxqTDUvaWo/JnQh,P2ZeelBKaDExRDdhe01zYA==,cFJVRF92bTIzNj9ya0Zb,eC1IJ0pacjE0QCYuSWdwSA==,OUIlNGZjZDNvemx5MWdf,OGszI2JCbjh+alooO2lw,I34zL109OjA/W3lGQUBB,aGg2S2R+WDEwKGAyR0g4YA==,NmtnVlMnVDZ+XFNsN2Vd
VW19NUosYDNXTlctU1Mq,V0t3dHguUjBFa2RmI2da,NDA9ZGYpXjI9bHNLTTt6,PE8sJ2heXzhzb1QvfSZZ,R2FbbDVqMTJPeWBiV1ss,K1tPNjVncTEyVWU0aHp3XQ==,QXZVN0kvJjExOz1vM2tDNA==,RndZeyguTTAxKEQ4Plkw,SmddcFReVDE0bDBHSm86eQ==,QzRkcV5JQTEzOWdLZ2J9Mw==
X2RwZXFGVDUkJ0VbVlBh,RXxHc1pHKjVqUXlVRkxq,TkUyb2tzdDVtfmw5IVte,bXI/RjZ5QTExYDQ+aTlNIQ==,QH4mfWExeDgoezpwRU0y,PkFvJEpMLzE0OmhCd346NA==,cXhuMj8scDExY1JsVC9cbQ==,PTtBLGMhOzRJbmoqNWJe,aGB3cmkxTjNsb05qbT9C,Xmd5ZXhieDE0dVliaDNsQQ==
OV9odV4lNzUneGEnRGYz,Pj1EJSYsYjV8fjA4YVRu,OmlMcGpJRTUkL21IXyYv,ayZ6USpnPTExe0xTelsrXQ==,e2s0MDJATzEwP0UuOXAmJg==,fW0ua2k+aDJgLmIybEFf,RGxyK2FGbzJVQDdyMHlb,NyllfihmaTheS2c7aD13,Zz1YQmQuYThIbHRPQTpx,bCF2bHFzbjYieFNWPmcp
UDsjPWAsMTVyVGQ7Z1NF,QiNWdXhtVTEzTGJEPX1gYA==,e1BGJWh8MDFkPEYqSil+,XSd7JiQsdjZbdXY4LTQq,cSF7KVQpaDExUi5KQXwhaw==,dDlJfG1BXDEya35jdX5XVg==,U0hGXiE3ZjE0cSFBc1dD,QU15Lz5IVTY4WzR0fSku,KkgjfndITTNHTEtpWE5d,bTlpL1w1XDEyQz9AW00iPQ==
dSR5Y3E+RTEuZjFrcn5E,S29GRjREdzZ9TEVYRlty,OVVbT2d0dDEzNm9McUBaTA==,W2U9al42bDUmSil8fj5e,W0BGR0t4OjNZRmF3fUwj,YXoneDtDRjEwMkhYM2NNcQ==,VFR1JFRqKzRWOyc4N3FF,KFlYP1k7KjVMfnRqPW9G,YFVqKFIsdzFXQGdLISo4,dVVlV0c9RDY0Li9OWH58
RnM4SnxlSTEzLG13cDdONA==,WVpKOWpZXTlzbnNGSzBT,RmVMKVVvczE0aD55JVhKWw==,Jm9tN2NMSDEzZHBsPDQkNw==,VTB2TzAueDEzSFhMKjk3Zw==,QUZkNmM4XzExTEpIa2claQ==,fGBmJ05oJjEyMU8hVHUzZQ==,OndeXlZxPzEzMzF5L0RgMw==,fGdSKkZDUzEzX2dhUEU+JQ==,aUA6QWVxfTEzaCRQPyY0LA==
LEQpSHwucEZvciBtYXplMDMuanBnZ1VMbUM0OA==,JEc5dzcnLzEwMHhTPy5dJ2E=
VVslNC9gPDc8Rnw6N1ht,d11CNiNTcjExMnR2NFg5JQ==,aS9DfW4yeDJWUT9ARDhi,bCdkYl9wdzE0aGFJbHVqUA==,IjUiXXJcbjNOQi8sI2tV,MlpVampTcTE0TXwyfkpYcw==,NkYoKSopZTNOciJ8QFF4,ZnEoUCJPQDIkXiY9Wj5i,IlBcZ3VcVTJ5SEdcNydL,bXV3aVllXjYyRUFifV9A
LDc1QD1+OjVgeUpfTydt,dHZGcTF2NjExbyQlemBzZw==,UG1cXXtEdjBnbTc0VXZ6,YUsjM0FVMjI/Vyt8XEpv,fS4yJCpCWDgzcHdVRyk9,fVBSUEAhITJaJUgzK2h9,Nzs0eSFpZTRgJVk1LmRw,Nyp8JSxZJTEzQi5IXGYuVA==,TnBaJj1IUDEzXDpcRD1PLg==,QytTOjNHIjVgfVZdRWk0
TX4vQiZucTFCZyFjOyZO,LEErNDo6bjEwJClhdD5Pcw==,Y0BOYEsldTEyKkJ9cT1CJA==,QEg4R3BhUDEzXEo3Nz0uKA==,OyxkZXttLjExTDBpcjlMJw==,YXlMP0VaNzEyIyVBeEpNKQ==,UFdZPXV7fDlIPkRGQkkm,XkRpXC83NTJsXVJrSVlH,RkRcME91bzE0PWgjIi4mdQ==,bGxtOztjTTVqKF1MLl1U
Inlzb2hiLjEzb0c/biMjKw==,Jnc6VlEnVzExWjB7MkkkaA==,IilyU0A7OzY7SFh+SzVi,bzxrSnl9SDNLXiVtQ20p,cl51PzJqKjIlU1Moensy,dDJ9Sj4vdjEweVU0blNFNg==,TTxPTSs4XTEwRVgiZls6eQ==,Q3w+bXVlezBnJTM+XEB8,MFlPQXstRTE0dUlGJHVhMg==,NkdjfDRRQDVoVyhlYGAu
TkxvTUxyIzMjVDBSbTZ9,Z2ElPXI8KDEwZEdEZyR3Kw==,L1xQL1h2ODhxQX1XZGho,dFBdV2k5XDQzMEYtR0sj,JVJeOH5vTDEzMWt0cGBBWw==,TGBEaiooRzNGRWRubHYm,TF5FSGV6UTEwbG1yWVo3Tw==,bFhYdEZgIzBhXDRRLlRc,SmU9RUkmZDE0N2FlKXF3YA==,QXhoR1UqOTUjOnBkMzc6
PlkwV0VMZzEzI1ApLE1SPQ==,O0NiRVMucDExLmZ+W0s/YA==,QSxpUUU6PzEwdnttUVBtMg==,clkqRElwVzRJKz0+Pz0o,WFx9SUM8KDNHRSEyfG0y,ZkRqVXdpYjEya21IV3N+TQ==,U0U/I04xKTExX0kuRDM5Zg==,ZTEib01UTTBVd3k7QTte,MT5rNFlpOzE0OGRPfWR7Qw==,Y0MubS1qTzVDMyJPOk9Z
ckZ1Zml0azExSHphRz5oWw==,KCheMSxlRTEwc1h4X0ttdg==,JydXJktJJTJRYkxfJFxN,c318U218SzRqKXV7IzZl,JnA8OFhQaTV2WGlfRXlt,N34ieTR6cDdbM01UR1tN,W0t8Uy5hTTcpZkZrLFol,QkdVZG9AfTFjQU4ob0U1,RnVBNXhNejZ5KCQrbih4,LzZtOFknfTEzIjFeMHk6NQ==
di4mbXVSNDMsWyImIzBT,bj0sUVN6RzJBJDJVW14+,OnBMRyFvaTQjcVlrPzsp,ci1yYCM9WjEzNU9EYlV+Ug==,K3Z2TV19RDEzfU9KWSJyMQ==,IS9oYk1eYjFRMG1SLjlP,Py5JLmRuUjA3VU1LVlMl,PW1tTT5pXTRAfURDSSFZ,LmAwXC17ejl1K2ckYmwl,TnIxbi5yNjYxfkU6fURb
PzMnIktRZTEzRWI0JXdGRA==,eiI4TC4ncTVqbW9FSDZx,LXt5SXxqOjEzaG9MPDYqcA==,VVdvLz4sIzExO3UsNDl9dg==,e0YyaF54PTEwY3NYRFElMQ==,Z0lGbl8hfjEyL1djQmNnZA==,aVltKCgtPTVCPXQnVU4r,e0BbX081RjUpO3dgLlVC,ajc1Nz1TTzExJEQlJjE/Zg==,KUNLWF5obzRZZihQe0BT
PThKMkJRIzExPTtnSiRbbA==,J2prdihAaDEyTkFSJjpFRg==,VGBsOk9AKjExRTd1XVlVZQ==,Q3hLLkZpaTEwY1YyXTBROw==,YHZ1KVEoTDEwaTcwY09XYQ==,UT8nQlQ/UjEwfEdGVVRBUA==,cU19OmN3LjEycmx6aHchbw==,Vl4yWj1WITEzTHpRWCk3LA==,bUo9QmouQDExUTk1JS95Tg==,SDpNKSY5MjEydCQ3KGp7dA==
d0F7TnNackZvciBtYXplMDQuanBnUCgySV5BcQ==,cCIkKX5aeDEwMHJuVCheTmA=
RVVPPGZpbjdXe3VoOnRJ,Sns/em08bzExfENoXjpZSA==,fDh1ZGlIXTJrTmxDUWNO,NmRXdHx8NTEwRSVnTHZIcA==,O1Q5bjNOdzEwd3gnX086XQ==,b0ElbytDUTEwLykmPFZ8dA==,VGV0J0V5KDYpfCRBSVQz,M3ksUX4wXjNwUyguUHpg,YDk/Y11RRTE0Q2dTJXRIcg==,IVl0NlkkYjdDO2YvOXUj
QGc6I1dnKjV0SkBdTGtG,THw2XyRIIzc7cSRSZlVI,bnp4K1lnfTEzRW9vazI9QQ==,TlBzX19Yejd4LkY/VWtV,dHRCJSpILDdKMCVpWVAh,WFZBPnpFejExSy93JCJGPw==,P3NuIiJvKzAsekVfOnha,VkVOaSJsMDR6e01pXF1x,cWBtSFN8NjNwXGw/ZlUr,Llo3ayN1VTEyZUJXWCFEYg==
eGYycmAkVzEnPWBsdikk,NEotV3k6VTEyS2RmTn5xbA==,XCRiI140dDdgXyxdfDUn,LmlcWWtJMTlhPEtZIyVN,K0gqZHJLeTRuW1dWLVVW,QE59Nz59UzdTW1hEY0Fc,X0UvZHQ7QTEzSik4Wzh3Ug==,ZGkrfjQwSTVycSknW15l,Pm5GIVBXdTEjY0pkMyhh,MnNga1w0UTE0SWtcKVc2Jg==
KGc2aD4uKTFUO0lCNVNt,cVc2O0khYjE0Yz4tUlM2LA==,W1NJVWZCPzF3PGIpRCdl,LUczOmU6djZWQ2tpXFRf,IV1CVCdWLTEtazc3Knp9,KFBNWyxpdjRgLDBcOy5X,UjtEZmd2aDdxJlBeUmct,NjNwLSdbODVfMjQiQHU7,Jz9XI18pajVnZjpsWWtK,TFIoJileNzd4KUpzfWAh
JHxTNiRMNDFrckl8VG0u,ZnlzI2FCOzE0VUIkYkdHTg==,e2wjSzo/fTEzJUZVVyJSRQ==,PkIweSZmYTVOXmVAaiZE,VjFnMFs0NTEzUFk9P0Q8OQ==,OlgtZltBUjlZMXs2dD5V,Y2heQ3pjSTAjaUdBJytd,Pzh4TXZqXjgvcXJbcXtd,X0ZfLE01JjgzXkx+QnQp,TU9UVk0wVjEyYTJDYy5BQA==
SjpRY2NZVDlWcEF3fnxZ,UylgI2x6dzEwVm8oM0Z8Lg==,aGE/U2tmejZ8ZyM6YUdO,N3sxNWUkYDlXTi5Bc3k9,In46MWFhQDEwYTMuPTNIJg==,K1doWCFsRzJ2fUAmWCRM,VF0rXEREbjhILUlfPlV6,Ql09TmohTDJOVm0/VnN5,XzAoTFRGZTEwRyNAUnAkbQ==,Ty5CU29NPDE0JX40PU9LJA==
UVd5LllSczdTdndFVmVE,YUZFdUlmUjNjP1hwXmh1,c2dKVXJpYjRtIiRocy1w,ODIqbz4nYzc2ZCxidyFc,PUR8ey5LQjExTmVbJVxDRA==,RG0wZDk/fDEyXXNoY215fQ==,WzJwQDsobTc2O05TVFh4,VnUxY3VLJDFifFVuKjJ6,flZJP3VKdzEwOCN3KE44Zg==,KDllakd6cTE0V1Z+bkg7JA==
MHRJIW9wYTlyQVl+blJ1,LENhRmg3bTQ6OnJGTzs3,ayxrOV5VUTEzQF4tbH1oUQ==,UT8tKHR4PDkiUmdEPnk8,UVFwKTc/fjEwZC9BZmpUQg==,anUjNCg1NDJJIyhuRi1V,cnZaN09hMzhJJWw/ZHw6,NGxpIUZIazAuRSM2cTlz,Kz8pRkxkaDJrRGApO0FT,eTNjNjVNYTE0JzVTUi1Ufg==
O0s7cDIrRDM+VHI9WXl2,QSxFMShKOzBKJ31MMDQq,WSZeNXNwYDEwayo3PUNjRg==,QWddUndmNzZtaTROeUQ5,MnhFRE5MdDExQ3RPJT1AYg==,TToybi8rPDRoXUVNRF4w,aGhqLkR4MjExalpnJGd1Uw==,ZWNAWHU0UjEyOWwwajVOPA==,dmdbSzNwWzE7XTIiWykw,YWlNfHRlQTE0KHJ9N1dTaQ==
UDA3N0tvWzEzM21NMl4pdw==,bUUjenJ9QjEzQnlwaSV2Ww==,an0jIURCMDExem8/ZWJ2cA==,ZUlUMicsZzhEdzZ+fWAz,SWtJPy8lLTEwNSdCMG0rXg==,VDU2b1FWMTg4cFxHKH5s,Wm97T2RlcDEwKXdJMVVTbA==,Iy5jdmY2VDE0aH5ZJDBvRA==,eUlBP3MwLzldeXZmTkcu,cikmalBKWjE0VCYuQmFjNw==
MigvaWFTeUZvciBtYXplMDUuanBnemNMSkw5XA==,VS9vUWJXYTEwMD9fOk52VyM=
L2BYKnMlfTdMZ0IqfixC,LWRxIypuaTNrOU5AcFIh,cGB3OG94LjEwYjdPKWsxRA==,ajMkLFMsaDE0MlpkIjF4Wg==,diszSmRhQTN7OGUzYlom,OXV1KSQzVDI5XVo/YHMs,P1p6bGtiSTEwdVF7LzE4WQ==,O2ckPEVBWjE0fH5Kc1FqNA==,fDU0flAiUTExNmhGYih0LQ==,eC85fitfSjY7IW1tJ1Il
IU8sYHl7YzVJLk59VVFV,OGtQSzEiQDE6a0kjYT0n,MkJPT1BdODE0MzA8VylcOg==,Xj4/IWV0PDExJmcmNkNVYQ==,XzkqU1k6OzQqXXJmN2pe,WiQ6cl0uYTlCfnI8Vj5D,MXNmXSlzNzYwMjEzK2N3,RHgmLWYtXzExUzRtUSpSWQ==,JVl+VTA7NjEweDRnOiJVRw==,SDlkRXdDaTRLSiI3SCE+
TGFrYC07IzFiJjNiUHhP,Vi59W0F8UzBZWzkmZDUk,T3Y2PWtNVDJDKl9YPHo8,KXh7b0IiJzE0Mkg+ZilESQ==,RlFuV0A+KjEzJ0VucDlZOg==,PV5LPjBpWTExfU5mIS4kZA==,a2pTV0BEIjA2KngvUHV6,Ui9lVk9qMjE0VDNwS0s6Jg==,WUswYlxbMDN5e3BEencx,fD9JbHRQdTEyYzhZPVVvTg==
fmBxcWpjOzVnTVYsYT9p,b2VjaDMsQTEzU1RJRXFWTQ==,Ijl0fFNTLDlKbUd6RTM9,aGVMPDNffDIoO0pOLHZz,WkAxdmh3JzEwMiRLUUVjfQ==,Jj9oN3YmTzEwRDVJR1l1Qg==,YV9qLj8oKDQhLC45RGU8,Rz5idyJPPjdkQUEoOSsi,MXFvcERlRjU5ckEwfThr,JFtbJVxUJjdSdms8bEZ7
VXhXJDpvWDkmJitIKDph,IS1+Rj1TJDE0WyFmeUo1fg==,PTtGK0J7dDExTStLIU14ZQ==,VEJAW2tyWDEyYkRzTyshJw==,TUdhdmFCaDNlT2puWU1r,b3l6cyFpezEwO3pFLltATA==,WydcLidhQThzdy1yI0dA,XFErVG1fIzBXZFYnWG44,U0p1X2xONThyfkojUEpz,PDlaeXUwSjEyTU9tK1BkXg==
fW0zXT0nYTExQ1pmJHk6Iw==,dSRFTG9GLTYtOSwkOTIn,aTdOQXZqIjExZ3lIZXdzeA==,XmhKSSM5PjEwb11GPjsvQw==,fDJJZTBLKzEyKC0rKmVyMg==,flZ7aEhGbDdNX2doVkdN,W0JXOkdBNjExdSlIND1xNw==,dkBgeEc8ejQ0Sy5eYHJJ,fDdBbWs8QDMweW0pd35z,VltKY2RNSDE0YDp3cmxPRg==
TC1FMGwwKDExclhVPDZZLw==,Sk1mZXpOSzBaSyY5MnBe,KTNjK3grZjEwbG5RVXJHJg==,ditdYj0hfTEwMTk5b00+Rw==,OFhbXTBZajZoSF50aTR+,XDI8UixfSzFWST95eH51,N2FvOlxPIzJPJlpCdD80,cmAwS1BiLjAiLTQ7Myhy,SnF2eSlSKjAneDpfTUJO,X0tNPjhLXjE0RVpAQXwhIw==
aHtxJnomJDExYSM3Zj4uLw==,LidKeGwjIjEyOHR6MF4lLw==,aGRfRVpfJDExQjlhcjh5aQ==,PmJYcjJ6JTIwamJqUF9D,dDo9SmVMezBneVZhenAn,P2ZydlZHNTRiODRrL2gi,eFU3Uk9hLzVyS0EzP0Jk,dFhELE9UNTEzaCo7d19Zcg==,Wy13NXMoODk4eVI2NjR0,Nnp3fGQwazZmYz9cWio+
MU4uSVlcVTExQTp6fnB5Xw==,RiwteXc9cTEwKjRMbEBTdg==,OXsxZSNNajJMalEiakpo,eSNTaG5GezQkci5GJWw6,eS9BWE48LzEzSV45RTtCZg==,V2BhU1hGVjUrYDhRYi9m,KGpJN284OzFxTlpoWlcx,LGdiajhSaDJBYG1cJT1h,JUBRZjxjUDYiIyNJcGhL,I2MkUC1XdTU0YiZSPWQw
VHEvak9JMTExeDw4X1RJMA==,SXZfbk9kMDEwT20wdGRCbQ==,UyhDOG57SzEydygrY1ZWaA==,JztoWilcSzEzfWtfXGMlSg==,eX5LJzltZzExcmR0N2BnNw==,aDpNbFowLzEyN3dhMyZoVg==,Mio2KX4vYDEzbVtGYFoyWw==,K3lSKydbSzEzT1tHRX06eg==,ayM5OVY6bjEzOWJ9OlRJdQ==,R3tpMyZqSzEzT084WjxvWA==
I1lDbi54YEZvciBtYXplMDYuanBnVXxRWyRUbg==,RC0haGh+QDEwMDw1KVV9dF0=
ImIwWExbLzdJPUlxKHxM,UTpCVWklLjMncXc7ZF1Z,dTpXb0FQNzZoYGBKTX1W,YSJ8S2RZYDMwciFbKW1r,WipxTCl3RTY5L0xAWngi,Ql4pK31UTzN9bHFqfSI0,OWl7I31+IzEwISNxYn5JTA==,UzYvI3cmdzJgUWBhSnMw,QGIve15UJDEweyNzRTppdQ==,XmthUCJKfTZZdjx3J1pf
bG83NyRsfjE1QnEvYlxE,JitMRnkwZDEyfid+LEgqVw==,Sz4wZzlrITkxQ1hbXzBE,dnA8WjFDTjEydmAwOmxYIg==,TFNqakBWJjl3Q1AxSk1l,fl9ZT1E/WjEyZWZ1WEJGWA==,KHRSVjBDTzMwNyQjOChJ,QngncnB1TTEyMzYyJ3s2Kw==,Tix8W35gXDdHRiloJ00w,a14rQyZbfTV5bDRdUTg/
MHZ2Mnk0JjkhaDZjSSlk,Ujk7XC44STEwPyhcJ18qTg==,eCYlalBQXDEwJ0dWTzN8OQ==,dXRvIlRCLzYjV0QyPD16,PnVCLENUNzdmTFI+X0xc,aX0pfHJYRzMyU3dVcGcl,JGllXCVWOjEyZDQqa2tLbg==,LUM3I0ZQXTExLnYyNUBWPA==,cDp7bX0iPzRMR0p0YmVg,XTN9Ylk/XTVOKkA+a3hb
ZV1KXV57VDNZNERbRGF6,VVBPUntzLDZSNipkM1Eh,KXRdWSMwODNvUid+U1JB,YTVnb2tpOjEyJHwvNiNZIg==,XXx9c2kmVTV4bmQ4RHhy,U3I7Mmg2PTk3VD0kQ19E,OTdcVT42WDEwNChndlJmcg==,M2YjOCE5LzZkUClOQjtT,bUIqNFUpczV7ZTB8LiNt,ZD93P0FDITU7V2AocGAk
OVxtJ0x9cjVfQmhdTD4s,P2lpTzNzeTkpYy4tKVVW,eDliS0l9LDh9UVI+a255,NWpnSHB+YTE0LDFRRm17Zg==,bmtRS2E0dzE0NylNKGk5,aTQyTilfMDJ+K2Bjfl9L,MiM6LlAteTE0NU9kW2Vvcw==,anNnSnVXSjUuWCdAPHc0,Xn1TKX1wLTFjYSJIKnN4,eHtfI0xAcDEyPTksJnFcfg==
JiQjJChiYzVxdWdCRGx5,dnswcFtZYzExQjVOViNYYA==,Y0xhd0tdYjJaWFRZJ2wv,Sm9ZJ0dedjI2dDxQSUNn,WUciKFFKcjEyY3BzKiVybA==,XiVeZmIvVjU2YSkmdV9A,WDI6fHEsdDNLViJ8aVh2,TV9nKl5CcTEyOHNIaXFvLA==,biFKMExgRTUsX2cpd3Fz,TW5ZQE0kKTcxWV0rZWJZ
WWFZLUZ5XDl2QmApXGN0,alIxdzhtaTZ7cD9oYltf,XlY3bGsuTDVvbz94PERf,Z19sPDtGZjUsL2NxPEpO,enpzWEZRbjExXSljVlJDbg==,bjdeQkVfWzRHK1N+QyRQ,SidzPjBqbjk+LVkyXHds,Yzo/ZElxJzYiOiQzIk1U,aEAuYixgNDldQCQuU08m,YHdIdEpeSDQtXER7J3M0
dyxzRWVsMzNqaDZdIU05,PDtabjgtJzEyTHkvfEtwQQ==,U11aQDcwOjEzSkNebyxuPw==,c2JfSW1bYjkvTUFWMTUn,N0o7YWtzLDY9Wjs/R2Nc,WnltPCVnPjkyaDhZYiw/,PmRTUCRMKjY+MkdpMnMr,cWBePGJvKDUqMmJHVEle,bkhSfjYkITdFLH0pUTUj,SmV0MTxDWDU+VCpRNXE3
Rjp2cCEiRDVoMGRYNns8,dCcjRmpiMjNpL1hXVjsm,e3dnak9LLjEwOjNLTTF8bw==,a1RvanRNSzZESklbRnx3,alt1YU06aTVWR3JqdH14,NGpbfWplNjExbXRpe1RTXg==,PWgsXUBuezEyPFt5OHNIXg==,JiMpeEFGRDVcWkIhSSR5,I3N1P1NmWjVWLyEpW10+,fSRPYzB6YjVHWUgiWVw6
JVlzPGwxXzlWcz0jcjYu,R1pVJz5vTDEyV0YyeVpLUA==,NXVnX21ZczExZFJCUSx+fg==,RFJJYSZ+fDg9InVaezVY,YS4yPWlETjEyeD13RVs3Rg==,V3VCczZrNjExZld+LDJiXA==,YD4pNT4pOjEwIn5nZndCXw==,PG5+SEZ5bzEybldra1xZYw==,TzxPbnE1RDl3cydcP09P,VVpiJlxBRzEyaFEydEc5bg==
by1pdWRsdUZvciBtYXplMDcuanBndWlHbCNrOA==,JCkxbURyaTEwMEBzSkQsTks=
ITBAO0R8ZjNdZ0tyXmYs,UlB6fWt1JjE0LXhGQltYQA==,Z1wwK2UwTjM5e1h0LWV9,Wzh9KVwtSTEwJVxVKDNVSA==,V21oWHNkPTEwQXZceCJiZg==,OjBpQz1hSDEwLFElTFtuUQ==,SHovfEpceTEwQSkqVS57bA==,R0J4IVcsODJDJlssWGcx,NV86PSQ9TzEwRyNRQ3Q4eQ==,YXxcUFpGbTZYW0NuW2Q7
NCUlb1p6TzVeUnV3X3B7,N2coKWQlWzMzKUs3JUVJ,NzNXQWZUVzEyL0FgejMzZg==,S1lGOy05ZTExWkF4L3g1VQ==,OCxVNT0hODZzM3UqZUtH,dEJnIklFZDM4Yi8jdiNk,cTpqdWVgLjZQZSklfVFx,W0UxbUhwNTEzLURtYCFPbA==,ZUw2KCtLUzM6XSdyQWgw,flU7UjlwLDR2YFZ9Zndp
YzpnempqUDUqPUEiOXVW,IS5bUmh8cDkhNSFWITU/,RXAkXT1ISzJmeywsUzJv,fjgtcERYNTEwWX1DKVliNw==,fSV6RmRJWTEyejQkbm9UMw==,N3h8O1tdVDVgJ2khVXJ4,Tkt4Py9cSzl2eXpuVUo/,ZU02aHFRXjZaPz45J0NA,SnEyOCYvQTVTJzVHMyNV,U35BQG8nazEzNGhSVlg/Uw==
eGU9VkxsMDFMVF5naF8z,fF5vYyZWMDE0eSZ3KGVfbQ==,MXZjInUjQjVzXFgpJkB0,dGBdcER3aDNJRmg8SGQ9,eGZnNGQ8RzYkN1x9UXFN,TzYvK1BJTDkiPl9aMEtr,J0l3MUApaDYpNVlUO11d,XDAoSWM2czVoTTQzbXFp,dih0I0QwcDlJeVdgayR3,LlQ5KF9KPjZUZEEzSlN5
OEF9TUYqLTl0K3JCZis/,UVg1ISZNQjEwPWx7OHt4UA==,eE1GTV9RWDEyOX0wKTR+Lw==,R15AVHdYdjVma1MtfExB,MShJPVBcXTlXfjN8P3Ih,WHExXWJ0TDEwP3ZHci83YA==,ZyYpQDdSPTEyNl9mVTY/ZA==,dzVwLlw0bDU0bUg7OCpn,UkdzU0J0XzNETT5lJ3tD,JSs+NFYqQzEyOEkzKjMhbw==
XS5CP3U7WjNtdEwoUChJ,PkdZPyt1QTEwN2dNe20wJA==,VixiPGcmfTYjem9sN1x9,Zj1LRylIazVqbENjSE80,fSNsc2thLjczK2VTV11S,bHwybz0/VzNlSkhGeGNq,RXk6S2lTdjEwZXFLTVlNYg==,cThmdkMqeDEyMUhQTGRddA==,fSdBNUR1KzkxSTQ6OHFm,bjxTZCwsQjZmSk98b2ZE
M0t2cXJ3fTVKPFZAS3Uw,WEU1KFRsYjExTyUqPjMySw==,dDM3emttJjhyYiJnJ1Jw,QidPWGZrNTEyMD8sLFdCbw==,REZwLkgwajVHNHdld3w5,JldBeDAmSDUkV1lFMyoj,LVppcVpqcTMqI1NkemlO,cSI3TH5fbDZObXQoZlV1,JS9gazQtPzN4bUsxLDpm,UjQ0ZUh9bjEyaz1kI3YieA==
T1JBWz55VzVeZkNhWlI9,VWEnNG9CUjdXSS12XWkk,ZkB1aDw0fjM6WXVQTGE0,TmVmaFVZIjEwUUBdIyxKWg==,aXlvR3FJLzR6YFFhfTZU,NnpnMTxVODU/I2VFWnA3,X0c0Xik8WjVESH09VEs0,K1hHSlZOMjUjRFRienBz,ZlJVdUZVUzl7cEtdPiVK,dWBwLTw/ZTYqUUJFZzRd
PHBFOG1NdjUpU1hwaWE+,KVpOflJ9SzVONn1yV2Vg,bV1rJixkazkwMjdjPF51,JjBcZW8+WTZqWCZaXC1Y,Si55LkpVRjU/YkdMdk82,NDVUYDFUcTk5P0p4O35J,fC96fjl2cTEyU2VEWGNDeA==,RVx0aChWPTlbQD0+PWQ/,VVg7MWhgdjYyaXN8Inkj,NChOLTEvUjVpT051Izk/
L3I9P3F3ajlCJzE6NEsq,WXNNT3skZzEyJTNPP1E1Mg==,NFl8OSMoXTExYnp+b1Y6Ng==,OCl7QHVKTTEyLkQrUEBFTg==,LUg0MyssMTlnWXJDdS16,S0w2QFNFNTEwOCUhOksqRg==,bE4vYkcnRDEwI0h6d1xPPw==,LE10Zj8xbTEwTzZ8V0RaKQ==,cnRxbURKJzh3ciVcTmEr,ej1gRUVmKjEydCY+PURBXg==
d1N1fHVIJUZvciBtYXplMDguanBnJXlLZz46TA==,ZXo7T2MpIjEwMC4qL2B2RSk=
dHt5aHNwdDMlL3xAfVhQ,XUJ7WTNjfjJbJi1fTDZ3,VF5Md2dRWzEwcEpDWjJ1aw==,SVl0O3AyRjEwUyFYIV9PWA==,ZG53a1tMMjEwdCwhLmVfaA==,JDVKb11CQTEwSntLLCtZSA==,IjU/Rig9OzYpQFxoYVRE,dyN0XlxxUTExSmU5KnMsOg==,MHc0R2wmKzJvYDZAK2F7,KU1NX29uYzYtLnFUIj5k
c1lnQ0IkYTVHPDJae1pf,WEx5KU9YcjVuTSw4OVpi,WlFtWGloeDNmWTg2YHsk,QzMyTEkqUTEwdExESVFJPg==,MXFudToqeTEwYyk7ejwoag==,I0FQXSpKTDZfeS11XnFX,SHNyaWUrZDlHUkQxPU1Y,bFQlW3YzVzZkd2QiLEIq,MkxML0BzWTEzK3ZcazJcaQ==,SVJUMTonQzU7e29TKCRm
WHYwMHheNjVyPy46PVUw,Skd6Uip2PDk+SWNdNHlm,O0lbZiNJOTgxZkdVezIw,I1B8fm1WOzEwZipVdUNxMQ==,I1Q0NkI9UjE0Z2J8LjIqJQ==,JnU4cVQ9JzVGSTpcL0A0,fWxGMD43RzNbL3d1dkUn,JC9PSFVEIzgmXTc0JWBT,cUx3czBEYjEwWzI5RDliYQ==,fWE4XS5WXzRwOkZURyRh
VkNIMDpadTVCT3FbWjR4,ODFOOzxFbzNBaWI3VlUz,TjQsIkdoLzZdanNWMHVb,ZSQxOCg6NzNvSGlPYWVm,d01UVVxfSzEwXCkqOCMxRA==,NjNBWlEjQjEyIWlyfkwtKg==,PD0tbmQ/azEzNmRkIy1KNg==,YGdRd3VsRTNkTV4hfEty,X3FJcCwjMjYtWVs6UU8k,QjFVKUBddzEzQnZTL3B7QA==
JnVlVlUudDlTR1BMRlBc,N1gyKCdVYTEyN0ssdnwiJg==,N2JZMmI0MDU/cUgkUDg3,KnMreVFyJTlwOEtBfGsw,VVgnMEFAUzEwXDRVWng6Yw==,aVlDYHtvUDEwUmxicnEkVQ==,cTh7OS0jdDEwOVhCW0ApOw==,Z0IuenxiYjEySXFNR0woWA==,W1coa1EqSjl9J2JaPUMr,PnR5fUlCKDZzc1RRO3Jx
QWtQeCNwfjN8Oy1eOUMj,W29oc2Y6SjE0e1pQdV5DMA==,aGc4eS9FNDkrLT5uaEhL,QXU1KHouRjEwXGFCMjtINQ==,YzMwKS9BRjEwJi8qaVZYUw==,Pj8tS2djNjEwRT5iajRcTw==,QClwSG91aTJOcyM/J2Uv,TmJlYEUvRDE0ej5JKWsrSg==,LFwnRD1qQTMmXDhrX3dH,P0h0QkAqbTEybUZZflJOKA==
SGMjM3FtczEpYW49ZDBx,ZEJkYGs6PzZXMjRRbCti,Tm9yKGhdLTNCWlZ3PChT,QSEmWWZGWDEwbD54MWIqYw==,b0txYWZLbTJDUnpOK0kw,e3p5fjAlTzE0fH1yekUnQQ==,WGJ+SUZrOjUval53I1NJ,N3VWMUNxbTM9SmtqVzoi,M2tqJ2R1ZTEyVGl6OkpSPQ==,UistXUYoaDdyait1dkVA
IXVqdmAuWTVPZHJrZzUx,Jm8wSWA0fDlkYEBlU1ND,PWA8WUhqbDEyTXQraGdTeg==,Int0emo5JDd4Sjs5eD46,ZGBvO00rYTkiOklJIVtk,RTVidTNcRDEwUk9fOis4aA==,KDJeO0hFPjEyc2tIcVlddw==,clxKVThkWjEzW3YkQCY8cA==,d2MkWT8qejM5Y20hPiwp,M3QnVVRFPjRpO3hAdlZl
RicvPyoheTlvaHElK2ll,UTFidXx4XjYzNmI8MFEx,RGUjVGYmVzNxdzMkezBP,QFtoc0QhPzRcMmVOQkRY,SkglWSYzLzNDd1opMV9g,fjl1RzlpJDEwNEw/UGNpWQ==,OiVtaEkpNzEwR1E4KWxmRA==,N0lANUouIjYyPUFHPltw,MSJAUD4zZjEzbXU/Qyl7MQ==,WFNKQjxffDVjc1wlOWxV
Tyh7YTwzaTExd0NnUjBmRg==,a0M7W192JzgsaEc0O1xY,dDlpRTtATzEyLVtKXVxIXw==,cHp3YkckQjkiX0c5SWlN,RURIX3RGLDEyIk9EMlF5eg==,fjUiZzd9XzExO09IXzNKIQ==,RHpKYUx3cTEweHohLGItcw==,YS13Rm1bazhoflx1ZidA,IT9ofVFwRzEwQ0IzfWtxfQ==,eiJrLzZwYzEyMilNTW5aYQ==
LzVzOCduekZvciBtYXplMDkuanBnUTRnT2E9WA==,Ikx6XE4oOTEwMHZVOjpneVU=
cjBVYERZOjMpSmZTVkR0,YH1eemNkcTJ8LjxWUXdc,bCYjeShqXjEwME5GK2Aofg==,dF53e3U8UjE0WmxhW21RQw==,Z2s3Q0RLZDM1Nk9oSklu,Zz4/R2F7VzEwO30qUyY0Ow==,WE1rfXFpRjEwfSt5akNEVw==,Xk4oZE4uejZSXHdHTF11,ZnRQUFVoKTExQ3pwVz8rWw==,YHM1IlR0PjZlREpZX0st
JGJpWDdvTDVxPk02Zzci,P1UqJXBPWDVidHBRckdk,MTIsYVRDUTExYWkwPXskXg==,VWxBRXF3NDEwKlspbFpcLw==,O1ZaQ1ZZTjEydUxvN3pjNw==,fUUpNCJaKzNfNm5xOlwr,fUVqVXFxLzE0OTZhNTZyJg==,a1xsZXliKzlWJGtyQlFd,L3MpQ1tBfjEwTiZDaWBwNA==,UkB6VUxjUTRiLHhyeCJ0
MEp0YVw7fDVjPGReTFgu,ZHciS3xxUjlOKScrR1tN,OGtMMSR2RDZeMUEtZkEo,TGY2JU5vTzNLPjsoQzNt,QHpJWj0iPTEwMjFIaz9ISw==,UTNbRiN5KDhpU0lvJUhs,ZVNSUWUpbDEwIWFUKmp4LQ==,K1BpMDM1dDEwXmBMdSY/SQ==,U08oR3AzJjEwa1dZNT1qUw==,K2oxN0lqazEyQ1V0ZDpBNQ==
dHgsIU9GejVfbFx0Rkhq,XGI1WXxncDNHTjB0alJ4,eit5QllMQjQqa0RRX0Ar,aylpW3tWZzktMz07TENz,XzYqZlI7LDZmZy86ViFh,VVIzJ2ZLIjNdXC9KYU1a,I0E1RmsvRjJWLiktU00i,I1UmU1ZbazEwa1dBTWhvcg==,VUhafXYsWTEwM1R5e1F1Rg==,T298c0g6ITE0dS1ZS20waw==
RjpXdCd4TTUlW1ZJb3xg,RGBTLzIlQTVRYipaaTJU,QG9peStiPDV6fFhJOnVP,KXRrTXFSJDNUVn5KcjNw,JzBMb1VHRDEycDAjZEJjLg==,YyNRT2BzTTVLdykva0R4,SE56XElSIzEzdyUsX3FGOA==,KFA/TCVYXDNdSSdqOygn,Ol40fmd+bjEwSU50OWYjLQ==,dVphay8xTzY8UlI4Mm4s
L1xBc2xjbzVPaW48PjN6,On5FXEJQezVJQkQnRjdR,fTU+MyN8XjVIV1h4TC5Q,XV00WXB5NTVzfkJNNndZ,XWNwLnpiOTd2NyVOKSh+,LmAxSnxDZzFqfjo0eSpH,bSZ5TGdkSjZDNmZBOmV4,Ki8/ZClyTTVae3w6Sn1S,cnJyNkY8fjNgb3k0QTVX,MWs1a1o+QDQ2JSl1Tylc
PVYkZTw5OjU5NmF8VGxn,VGA8Q1RYKTU/YC5SPjRm,YS1HTkpBbjEzWjgtQDUoRg==,SiNdQX5+SDV+dmx9XyFS,RyIwZmohfjljbzVrcHpY,Iyspdil7fDEyOlhyViI+XA==,fFJzdkI5SjUpZ29Xbmpz,YGNgQEJhaTU9U0EhSEkm,cykxeW8/ZzUkcStIU01v,dG1zN3xcVDV+Pm5ffD94
SlJMLDlCSzVOSkc7dF57,WzJUIm9wUDlgRFN9bFgn,JTlvV0gwUDZFK1Jqb3Q3,U1NFX3lIZzk8TithJmZJ,R0NKbHRVOjYlXkYuVEps,JW8tOVF2ODNDZ0NDVlNE,V3xnbzcufjEyTlVLYydqeg==,dX1DT1V+PTU9bSZWbHN9,RFJIfEVVazU6Y2RDe2B3,RnRUO186fDU4ckkmXHQl
Njw9bDlnQzVXfVs6cUdJ,c11ScGBwSTciK1Rnb2c/,N0NFbWtebjk3WUFvXlE+,Tl5kSF9FYzZnKCUmdEBm,cCMpWDNqdTV+cXtZYUUp,WHZQQDc4UDllQkZRPWhy,TCt0MHRKRjEwbXZ7NXN3QQ==,aVwiJGtwXDEyMnokPGx0aw==,Wjw6TFgxLTUvdUpcRS1k,VWQnTExvSTVwMlhcQmI6
UTRjK1VKSjk/dnp6JnJU,Ty48d3AxIjg7d1BUbExa,Kn1iKDpYODE0ZzpSdWRXIw==,b0FzQX19YDkhXVJyMW5G,JHUkal9UOjg1ZVksJXk3,fFloZ0pvZjEwalNQOkl+aQ==,amAoWEk6ZjEwa2VLbVteUA==,eTNQPUZHPDEweXosOFs7Jg==,XEdmSmd1OzEyM29oLjBbcg==,M3ducio9JTEzXyJ4akBHSg==
Yl9KQHVJWERhdGUgYW5kIFRpbWUgb2YgZXhlY3V0aW9uUCkyJ2FwNw==,U2pPIiZnUzMxLTEwLTIwMjAgMTk6MDI6MDU/WGJRQzRK
